{"stats":{"minecraft:dropped":{"minecraft:dirt":11,"minecraft:gunpowder":1,"minecraft:oak_planks":1},"minecraft:custom":{"minecraft:time_since_rest":5836,"minecraft:sprint_one_cm":22753,"minecraft:damage_taken":9772,"minecraft:walk_one_cm":20359,"minecraft:drop":13,"minecraft:damage_dealt":31,"minecraft:swim_one_cm":7200,"minecraft:interact_with_crafting_table":3,"minecraft:fly_one_cm":41059,"minecraft:open_chest":1,"minecraft:play_time":11946,"minecraft:deaths":5,"minecraft:sneak_time":28,"minecraft:walk_under_water_one_cm":3792,"minecraft:jump":163,"minecraft:walk_on_water_one_cm":4588,"minecraft:time_since_death":5811,"minecraft:total_world_time":11946,"minecraft:fall_one_cm":93926},"minecraft:crafted":{"minecraft:oak_planks":56,"minecraft:wooden_shovel":1,"minecraft:crafting_table":2,"minecraft:stick":8,"minecraft:wooden_pickaxe":1,"minecraft:stone_pickaxe":1,"minecraft:stone_axe":1},"minecraft:mined":{"minecraft:crafting_table":1,"minecraft:short_grass":1,"minecraft:oak_log":14,"minecraft:grass_block":2,"minecraft:jungle_planks":2,"minecraft:sand":50,"minecraft:dirt":10,"minecraft:stone":6,"minecraft:oak_leaves":2},"minecraft:killed_by":{"minecraft:player":2,"minecraft:creeper":1},"minecraft:used":{"minecraft:water_bucket":1,"minecraft:oak_planks":14,"minecraft:wooden_pickaxe":6,"minecraft:wooden_shovel":41,"minecraft:rotten_flesh":1,"minecraft:stone_axe":3,"minecraft:crafting_table":2,"minecraft:bucket":1},"minecraft:picked_up":{"minecraft:crafting_table":1,"minecraft:sand":50,"minecraft:jungle_planks":1,"minecraft:oak_log":14,"minecraft:gunpowder":2,"minecraft:dirt":50,"minecraft:rotten_flesh":2,"minecraft:oak_planks":2,"minecraft:cobblestone":6}},"DataVersion":3955}