{"stats":{"minecraft:dropped":{"minecraft:dirt":11,"minecraft:gunpowder":1,"minecraft:oak_planks":1},"minecraft:custom":{"minecraft:time_since_rest":2167,"minecraft:sprint_one_cm":84755,"minecraft:damage_taken":10759,"minecraft:walk_one_cm":98656,"minecraft:mob_kills":24,"minecraft:drop":13,"minecraft:damage_dealt":4102,"minecraft:swim_one_cm":7200,"minecraft:interact_with_crafting_table":6,"minecraft:fly_one_cm":105120,"minecraft:open_chest":1,"minecraft:play_time":43734,"minecraft:deaths":8,"minecraft:sneak_time":61,"minecraft:walk_under_water_one_cm":3862,"minecraft:jump":527,"minecraft:leave_game":1,"minecraft:walk_on_water_one_cm":5601,"minecraft:time_since_death":2134,"minecraft:total_world_time":43734,"minecraft:fall_one_cm":103491},"minecraft:broken":{"minecraft:stone_axe":1},"minecraft:crafted":{"minecraft:oak_planks":88,"minecraft:wooden_shovel":1,"minecraft:crafting_table":4,"minecraft:stick":16,"minecraft:wooden_pickaxe":2,"minecraft:stone_pickaxe":2,"minecraft:stone_axe":3},"minecraft:killed":{"minecraft:sheep":4,"minecraft:skeleton":6,"minecraft:zombie":8,"minecraft:spider":4,"minecraft:cow":1},"minecraft:killed_by":{"minecraft:player":2,"minecraft:skeleton":2,"minecraft:creeper":1,"minecraft:zombie":1},"minecraft:used":{"minecraft:oak_log":2,"minecraft:water_bucket":1,"minecraft:stone_pickaxe":15,"minecraft:oak_planks":17,"minecraft:wooden_pickaxe":18,"minecraft:wooden_shovel":41,"minecraft:rotten_flesh":5,"minecraft:dirt":10,"minecraft:stone_axe":200,"minecraft:sand":5,"minecraft:crafting_table":4,"minecraft:bucket":1},"minecraft:mined":{"minecraft:dark_oak_planks":2,"minecraft:birch_log":29,"minecraft:dark_oak_stairs":4,"minecraft:crafting_table":2,"minecraft:granite":1,"minecraft:short_grass":4,"minecraft:oak_log":120,"minecraft:grass_block":6,"minecraft:jungle_planks":2,"minecraft:sand":53,"minecraft:dirt":16,"minecraft:stone":19,"minecraft:sandstone":9,"minecraft:oak_leaves":17},"minecraft:picked_up":{"minecraft:birch_log":22,"minecraft:crafting_table":4,"minecraft:sandstone":8,"minecraft:wooden_pickaxe":2,"minecraft:sand":53,"minecraft:jungle_planks":2,"minecraft:oak_log":244,"minecraft:gunpowder":2,"minecraft:spider_eye":3,"minecraft:string":2,"minecraft:dirt":76,"minecraft:dark_oak_planks":2,"minecraft:bone":14,"minecraft:arrow":9,"minecraft:rotten_flesh":13,"minecraft:stone_axe":2,"minecraft:wheat_seeds":1,"minecraft:beef":1,"minecraft:oak_sapling":9,"minecraft:mutton":6,"minecraft:oak_planks":36,"minecraft:white_wool":4,"minecraft:dark_oak_stairs":2,"minecraft:cobblestone":21,"minecraft:egg":6}},"DataVersion":3955}