{"stats":{"minecraft:dropped":{"minecraft:dirt":11,"minecraft:gunpowder":1,"minecraft:oak_planks":1},"minecraft:custom":{"minecraft:time_since_rest":22198,"minecraft:sprint_one_cm":44557,"minecraft:damage_taken":9999,"minecraft:walk_one_cm":63184,"minecraft:mob_kills":9,"minecraft:drop":13,"minecraft:damage_dealt":1452,"minecraft:swim_one_cm":7200,"minecraft:interact_with_crafting_table":5,"minecraft:fly_one_cm":70338,"minecraft:open_chest":1,"minecraft:play_time":35946,"minecraft:deaths":6,"minecraft:sneak_time":30,"minecraft:walk_under_water_one_cm":3792,"minecraft:jump":347,"minecraft:walk_on_water_one_cm":4588,"minecraft:time_since_death":22173,"minecraft:total_world_time":35946,"minecraft:fall_one_cm":97866},"minecraft:crafted":{"minecraft:oak_planks":88,"minecraft:wooden_shovel":1,"minecraft:crafting_table":3,"minecraft:stick":16,"minecraft:wooden_pickaxe":2,"minecraft:stone_pickaxe":2,"minecraft:stone_axe":2},"minecraft:killed":{"minecraft:sheep":3,"minecraft:skeleton":3,"minecraft:zombie":1,"minecraft:spider":1,"minecraft:cow":1},"minecraft:killed_by":{"minecraft:player":2,"minecraft:skeleton":1,"minecraft:creeper":1},"minecraft:used":{"minecraft:water_bucket":1,"minecraft:stone_pickaxe":15,"minecraft:oak_planks":14,"minecraft:wooden_pickaxe":17,"minecraft:wooden_shovel":41,"minecraft:rotten_flesh":1,"minecraft:dirt":2,"minecraft:stone_axe":127,"minecraft:sand":5,"minecraft:crafting_table":3,"minecraft:bucket":1},"minecraft:mined":{"minecraft:dark_oak_planks":2,"minecraft:birch_log":25,"minecraft:dark_oak_stairs":4,"minecraft:crafting_table":1,"minecraft:granite":1,"minecraft:short_grass":3,"minecraft:oak_log":90,"minecraft:grass_block":6,"minecraft:jungle_planks":2,"minecraft:sand":53,"minecraft:dirt":16,"minecraft:stone":19,"minecraft:sandstone":9,"minecraft:oak_leaves":9},"minecraft:picked_up":{"minecraft:birch_log":18,"minecraft:crafting_table":1,"minecraft:sandstone":8,"minecraft:sand":53,"minecraft:jungle_planks":2,"minecraft:oak_log":75,"minecraft:gunpowder":2,"minecraft:string":1,"minecraft:dirt":60,"minecraft:dark_oak_planks":2,"minecraft:bone":4,"minecraft:arrow":4,"minecraft:rotten_flesh":4,"minecraft:wheat_seeds":1,"minecraft:beef":1,"minecraft:oak_sapling":2,"minecraft:mutton":2,"minecraft:oak_planks":2,"minecraft:white_wool":2,"minecraft:dark_oak_stairs":2,"minecraft:cobblestone":17,"minecraft:egg":2}},"DataVersion":3955}