{"stats":{"minecraft:dropped":{"minecraft:dirt":11,"minecraft:gunpowder":1,"minecraft:oak_planks":1},"minecraft:custom":{"minecraft:time_since_rest":10198,"minecraft:sprint_one_cm":32390,"minecraft:damage_taken":9999,"minecraft:walk_one_cm":25547,"minecraft:mob_kills":7,"minecraft:drop":13,"minecraft:damage_dealt":1092,"minecraft:swim_one_cm":7200,"minecraft:interact_with_crafting_table":3,"minecraft:fly_one_cm":61551,"minecraft:open_chest":1,"minecraft:play_time":23946,"minecraft:deaths":6,"minecraft:sneak_time":28,"minecraft:walk_under_water_one_cm":3792,"minecraft:jump":254,"minecraft:walk_on_water_one_cm":4588,"minecraft:time_since_death":10173,"minecraft:total_world_time":23946,"minecraft:fall_one_cm":96343},"minecraft:crafted":{"minecraft:oak_planks":56,"minecraft:wooden_shovel":1,"minecraft:crafting_table":2,"minecraft:stick":8,"minecraft:wooden_pickaxe":1,"minecraft:stone_pickaxe":1,"minecraft:stone_axe":1},"minecraft:killed":{"minecraft:sheep":3,"minecraft:skeleton":2,"minecraft:zombie":1,"minecraft:cow":1},"minecraft:killed_by":{"minecraft:player":2,"minecraft:skeleton":1,"minecraft:creeper":1},"minecraft:used":{"minecraft:water_bucket":1,"minecraft:stone_pickaxe":15,"minecraft:oak_planks":14,"minecraft:wooden_pickaxe":6,"minecraft:wooden_shovel":41,"minecraft:rotten_flesh":1,"minecraft:stone_axe":22,"minecraft:sand":5,"minecraft:crafting_table":2,"minecraft:bucket":1},"minecraft:mined":{"minecraft:dark_oak_planks":2,"minecraft:dark_oak_stairs":4,"minecraft:crafting_table":1,"minecraft:granite":1,"minecraft:short_grass":1,"minecraft:oak_log":16,"minecraft:grass_block":2,"minecraft:jungle_planks":2,"minecraft:sand":53,"minecraft:dirt":10,"minecraft:stone":8,"minecraft:sandstone":9,"minecraft:oak_leaves":2},"minecraft:picked_up":{"minecraft:crafting_table":1,"minecraft:sandstone":8,"minecraft:sand":53,"minecraft:jungle_planks":2,"minecraft:oak_log":15,"minecraft:gunpowder":2,"minecraft:dirt":50,"minecraft:dark_oak_planks":2,"minecraft:bone":2,"minecraft:arrow":4,"minecraft:rotten_flesh":4,"minecraft:beef":1,"minecraft:mutton":2,"minecraft:oak_planks":2,"minecraft:white_wool":2,"minecraft:dark_oak_stairs":2,"minecraft:cobblestone":6}},"DataVersion":3955}