{"stats":{"minecraft:custom":{"minecraft:jump":73,"minecraft:time_since_rest":27763,"minecraft:damage_dealt":507,"minecraft:play_time":27763,"minecraft:leave_game":3,"minecraft:sprint_one_cm":7232,"minecraft:walk_on_water_one_cm":86,"minecraft:time_since_death":27763,"minecraft:walk_one_cm":5089,"minecraft:sneak_time":81,"minecraft:total_world_time":27763,"minecraft:walk_under_water_one_cm":1339,"minecraft:swim_one_cm":392,"minecraft:fall_one_cm":627,"minecraft:fly_one_cm":101582,"minecraft:player_kills":2},"minecraft:used":{"minecraft:creeper_spawn_egg":95,"minecraft:mace":3,"minecraft:grass_block":2}},"DataVersion":3955}