{"minecraft:recipes/decorations/crafting_table":{"criteria":{"unlock_right_away":"2024-10-12 01:43:22 +0000"},"done":true},"minecraft:adventure/adventuring_time":{"criteria":{"minecraft:forest":"2024-10-12 01:43:23 +0000"},"done":false},"minecraft:recipes/misc/charcoal":{"criteria":{"has_log":"2024-10-12 01:44:56 +0000"},"done":true},"minecraft:recipes/building_blocks/oak_planks":{"criteria":{"has_logs":"2024-10-12 01:44:56 +0000"},"done":true},"minecraft:recipes/building_blocks/oak_wood":{"criteria":{"has_log":"2024-10-12 01:44:56 +0000"},"done":true},"DataVersion":3955}