{"minecraft:recipes/decorations/crafting_table":{"criteria":{"unlock_right_away":"2024-10-12 00:21:46 +0000"},"done":true},"minecraft:adventure/adventuring_time":{"criteria":{"minecraft:beach":"2024-10-12 01:41:01 +0000","minecraft:forest":"2024-10-12 00:21:47 +0000","minecraft:river":"2024-10-12 01:40:30 +0000","minecraft:plains":"2024-10-12 01:38:35 +0000"},"done":false},"minecraft:recipes/transportation/mangrove_boat":{"criteria":{"in_water":"2024-10-12 01:40:51 +0000"},"done":true},"minecraft:recipes/transportation/acacia_boat":{"criteria":{"in_water":"2024-10-12 01:40:51 +0000"},"done":true},"minecraft:recipes/transportation/cherry_boat":{"criteria":{"in_water":"2024-10-12 01:40:51 +0000"},"done":true},"minecraft:adventure/root":{"criteria":{"killed_something":"2024-10-12 01:41:02 +0000"},"done":true},"minecraft:recipes/transportation/bamboo_raft":{"criteria":{"in_water":"2024-10-12 01:40:51 +0000"},"done":true},"minecraft:recipes/transportation/spruce_boat":{"criteria":{"in_water":"2024-10-12 01:40:51 +0000"},"done":true},"minecraft:recipes/transportation/birch_boat":{"criteria":{"in_water":"2024-10-12 01:40:51 +0000"},"done":true},"minecraft:recipes/transportation/oak_boat":{"criteria":{"in_water":"2024-10-12 01:40:51 +0000"},"done":true},"minecraft:recipes/transportation/jungle_boat":{"criteria":{"in_water":"2024-10-12 01:40:51 +0000"},"done":true},"minecraft:recipes/transportation/dark_oak_boat":{"criteria":{"in_water":"2024-10-12 01:40:51 +0000"},"done":true},"DataVersion":3955}